id,nom,annee,auteur,reference,URL,,,,,,,,,,,,,,,,,,,,,,,,,,,,,,,,,,,,,,,,
1,Settlement Pattern Dynamics and Natural Resources in MM-LM I Crete: the case of Malia,2014,Müller Celka, S., Puglisi, D., Bendali, F.,Müller Celka, S., Puglisi, D., Bendali, F., 2014. Settlement Pattern Dynamics and Natural Resources in MM-LM I Crete: the case of Malia, in: Conference: Aegaeum 37 Annales Liégeoises et Paspiennes d’archéologie Égéenne. Presented at the PHYSIS L’environnement naturel et la relation homme milieu dans le monde égéen protohistorique, Paris, pp. 431–440.,,,,,,,,,,,,,,,,,,,,,,,,,,,
2,Terroir et territoire à Malia à l'époque protopalatiale,2007,Müller Celka, S.,Müller Celka, S., 2007. Terroir et territoire à Malia à l’époque protopalatiale. Bulletin de Correspondance Hellenique, Bulletin de Correspondance Hellénique 855–860.,,,,,,,,,,,,,,,,,,,,,,,,,,,,,,,,,,,,,
3,Prospection archéologique de la plaine de Malia 2002,2003,Müller Celka, S., Anslijn, J.-N., Laffineur, R,Müller Celka, S., Anslijn, J.-N., Laffineur, R., 2003. B. Prospection archéologique de la plaine de Malia. Bulletin de Correspondance Hellénique 127, 456–469.,,,,,,,,,,,,,,,,,,,,,,,,,,,,,
4,Prospection de la plaine de Malia 1991,1992,Müller Celka, S.,Müller Celka, S., 1992. Prospection de la plaine de Malia. Bulletin de Correspondance Hellénique 116, 733–753.,,,,,,,,,,,,,,,,,,,,,,,,,,,,,,,,,,,,,
5,Prospection de la plaine de Malia 1990,1991,Müller Celka, S.,Müller, S., Driessen, J., Pelon, O., Farnoux, A., 1991. Prospection de la plaine de Malia. Bulletin de Correspondance Hellénique 115, 726–750.,,,,,,,,,,,,,,,,,,,,,,,,,,,,,,,
6,Prospection de la plaine de Malia 1989,1990,Müller, S.,Müller, S., Darcque, P., Farnoux, A., Schmid, M., Poursat, J.-C., 1990. Prospection de la plaine de Malia. Bulletin de Correspondance Hellénique 114, 908–939.,,,,,,,,,,,,,,,,,,,,,,,,,,,,,
7,Prospection archéologique de la plaine de Malia 1997,1998,Müller, S.,Müller, S., 1998. Prospection archéologique de la plaine de Malia. Bulletin de Correspondance Hellénique 122, 548–552.,,,,,,,,,,,,,,,,,,,,,,,,,,,,,,,,,,,,,
8,Prospection archéologique de la plaine de Malia 1995,1996,Müller, S.,Müller, S., 1996. Prospection archéologique de la plaine de Malia. Bulletin de Correspondance Hellénique 120, 921–928.,,,,,,,,,,,,,,,,,,,,,,,,,,,,,,,,,,,,,
9,Prospection archéologique de la plaine de Malia 2003,2004,Müller Celka, S.,Müller Celka, S., 2004. Prospection archéologique de la plaine de Malia. Bulletin de Correspondance Hellénique 128–129, 934–943.,,,,,,,,,,,,,,,,,,,,,,,,,,,,,,,,,,,,,
10,Le territoire de Malia à l’époque néopalatiale : premières données de la prospection,2007,Puglisi, D.,Puglisi, D., 2007. Le territoire de Malia à l’époque néopalatiale : premières données de la prospection, in: Journées Maliotes Malia, Ville et Territoire : Organisation Des Espaces et Exploitation Des Ressources, Colloque Organisé a l’Ecole Française d’Athènes Les 2-3 Novembre 2007. Bulletin de Correspondance Hellénique, pp. 865–869.,,,,,,,,,,,,,,,,,,,,,,,,,,,,,,,,,,
11,Résultats archéobotaniques préliminaires dans divers secteurs de Malia ,2007,Sarpaki, A.,Sarpaki, A., Pomadère, M., Lespez, L., 2007. Résultats archéobotaniques préliminaires dans divers secteurs de Malia in Journées maliotes Malia, ville et territoire : organisation des espaces et exploitation des ressources, colloque organisé a l’Ecole française d’Athènes les 2-3 novembre 2007. Bulletin de Correspondance Hellénique 131, 821–887., https://doi.org/10.3406/bch.2007.7473,,,,,,,,,,,,,,,,,,,,,,,,,,,,,,
12,Fouilles exécutées à Malia : premier rapport,1928,Chapouthier, F., Charbonneaux, J.,Chapouthier, F., Charbonneaux, J., 1928. Fouilles exécutées à Mallia: premier rapport (1922-1924), Etudes crétoises. Libr. orientaliste Paul Geuthner, Paris.,,,,,,,,,,,,,,,,,,,,,,,,,,,,,,,,
13,Beyond staple crops,2021,Tsafou, E., García-Granero, J.J.,Tsafou, E., García-Granero, J.J., 2021. Beyond staple crops: exploring the use of ‘invisible’ plant ingredients in Minoan cuisine through starch grain analysis on ceramic vessels. Archaeological and Anthropological Sciences 13. ,https://doi.org/10.1007/s12520-021-01375-4,,,,,,,,,,,,,,,,,,,,,,,,,,,,,,,,,
14,The archaeobotanical remains from EM to LM IIIC,2016,Sarpaki, A.,Sarpaki, A., 2016. The archaeobotanical remains from EM to LM IIIC, in: The Greek-Swedish Excavations at the Agia Aikaterini Square Kastelli, Khania 1970-1987,2001, 2005 and 2008. Stockholm.,https://www.academia.edu/31805553/The_archaeobotanical_remains_from_EM_to_LM_IIIC_at_the_Greek_Swedish_ExcavationsResults_of_the_excavations_under_the_direction_of_Yannis_Tzedakis_and_Carl_Gustaf_Styrenius_EDITED_BY_THE_LATE_MINOAN_IIIA_1_AND_II_SETTLEMENTS_with_main_contributions_by,,,,,,,,,,,,,,,,,,,,,,,,,,,,,,,,,
15,Plant resources and subsistence in the Late Minoan mountain ‘villa’ at Zominthos  - Crete,,2020,Livarda A. et al.,Livarda, A., Kotzamani, G., 2020. Plant resources and subsistence in the Late Minoan mountain ‘villa’ at Zominthos, Crete. Archaeological and Anthropological Sciences 12, 237. ,https://doi.org/10.1007/s12520-020-01203-1,,,,,,,,,,,,,,,,,,,,,,,,,,,,,,,,,
16,The Management of Agricultural Resources in the Minoan Town of Malia ,2019,Alberti, M.E., Müller Celka, S., Pomadère, M.,Alberti, M.E., Müller Celka, S., Pomadère, M., 2019. The Management of Agricultural Resources in the Minoan Town of Malia (Crete) from the Middle Bronze Age to the Early Late Bronze Age, in: Pomadère, M., Garcia, D., Orgeolet, R., Zurbach, J. (Eds.), Country in the City: Agricultural Functions of Protohistoric Urban Settlements (Aegean and Western Mediterranean). Archaeopress, pp. 51–71. ,https://doi.org/10.2307/j.ctvr00x98.7,,,,,,,,,,,,,,,,,,,
17,The Politics of Storage,2008,Christakis, K.S.,Christakis, K.S., 2008. The Politics of Storage Storage and Sociopolitical Complexity in Neopalatial Crete. INSTAP Academic Press, Philadelphia. ,https://doi.org/10.2307/j.ctt3fgw1t,,,,,,,,,,,,,,,,,,,,,,,,,,,,,,,,,,,,
18,A Royal Gift? Bulk Grain Storage in Protopalatial and Neopalatial Crete,2015,Keßler, T.,Keßler, T., 2015. A Royal Gift? Bulk Grain Storage in Protopalatial and Neopalatial Crete. SMEA NS 1, 137–170.,,,,,,,,,,,,,,,,,,,,,,,,,,,,,,,,,,,,,
19,Times of historical developments and environmental changes in the Minoan town of Malia,2020,Pomadère et al.,Pomadère, M., Lespez, L., Langohr, C., 2020. Times of historical developments and environmental changes in the Minoan town of Malia, Crete: an intra and off-site geoarcheological approach, in: Different Times? Archaeological and Environmental Data from Intra-Site and Off-Site Sequences. Presented at the Proceedings of the XVIII UISPP World Congress (4-9 June 2018, Paris, France) Volume 4 Session II-8, Archaeopress, Oxford, pp. 64–76.,,,,,,,,,,,,,,,,,,,,,,,,,,,,
20,L’évolution des paysages aux alentours de Malia,2007,Lespez, L.,Lespez, L., 2007. L’évolution des paysages aux alentours de Malia. Premiers résultats et questions pour de nouvelles recherches géoarchéologiques, in: Bulletin de Correspondance Hellénique. Presented at the Journées maliotes Malia, ville et territoire : organisation des espaces et exploitation des ressources, colloque organisé a l’Ecole française d’Athènes les 2-3 novembre 2007, pp. 821–887.,,,,,,,,,,,,,,,,,,,,,,,,,,,,,,,,,,
21,Emerging Authority: A Functional Analysis of the MM II Settlement of Phaistos,2012,Militello, P.,Militello, P., 2012. Emerging Authority: A Functional Analysis of the MM II Settlement of Phaistos, in: Back to the Beginning : Reassessing Social and Political Complexity on Crete during the Early and Middle Bronze Age. Oxbow Books, pp. 236–272. ,https://doi.org/10.2307/j.ctvh1dphz.14,,,,,,,,,,,,,,,,,,,,,,,,,,,,,,,,,,,
22,Late-Middle-Holocene paleo-environmental evolution and coastline changes of Malia ,2003,Lespez et al. ,Lespez, L., Dalongeville, R., Pastre, J.-F., Darmon, F., Mathieu, R., Poursoulis, G., 2003. Late-Middle-Holocene paleo-environmental evolution and coastline changes of Malia (Crete), in: The Mediterranean World : Environment and History. Paris.,,,,,,,,,,,,,,,,,,,,,,,,,,,,
23,Malia : un marais parle,2001,Dalongeville, R.,Dalongeville, R., 2001. Malia : un marais parle. Bulletin de Correspondance Hellénique 125, 67–88. ,https://doi.org/10.3406/bch.2001.7136,,,,,,,,,,,,,,,,,,,,,,,,,,,,,,,,,,,,
24,Changements environnementaux et impact des sociétés humaines autour du site minoen de Malia,2019,Lespez, L., Müller Celka, S., Pomadère, M.,Lespez, L., Müller Celka, S., Pomadère, M., 2019. Changements environnementaux et impact des sociétés humaines autour du site minoen de Malia (Crète, Grèce) : Bilan des acquis et nouvelles recherches, in: Ghilardi, M. (Ed.), Géoarchéologie Des Îles de La Méditerranée, Histoire. CNRS Éditions, Paris, pp. 245–257.,,,,,,,,,,,,,,,,,,,,,,,
25,Discovery of a tsunami deposit from the Bronze Age Santorini eruption at Malia ,2021,Lespez et al. ,Lespez, L., Lescure, S., Saulnier-Copard, S., Glais, A., Berger, J.-F., Lavigne, F., Pearson, C., Virmoux, C., Müller Celka, S., Pomadère, M., 2021. Discovery of a tsunami deposit from the Bronze Age Santorini eruption at Malia (Crete): impact, chronology, extension. Scientific Reports 11, 15487. ,https://doi.org/10.1038/s41598-021-94859-1,,,,,,,,,,,,,,,,,
26,Long-Term Grain Storage and Political Economy in Bronze Age Crete: Contextualizing Ayia Triada’s Silo Complexes,2014,Privitera, S.,Privitera, S., 2014. Long-Term Grain Storage and Political Economy in Bronze Age Crete: Contextualizing Ayia Triada’s Silo Complexes. American Journal of Archaeology 118, 429–449. ,https://doi.org/10.3764/aja.118.3.0429,,,,,,,,,,,,,,,,,,,,,,,,,,,,,,,,,,,,
27,Haghia Triada nel periodo tardo-palaziale,1980,Halbherr et al.,Halbherr, F., Stefani, E., Banti, L., 1980. Haghia Triada nel periodo tardo-palaziale. ASAtene 13–296.,,,,,,,,,,,,,,,,,,,,,,,,,,,,,,,,,,,
28,Provviste alimentari vegetali da una casa minoica ad Haghia Triada,1986,Follieri, M.,Follieri, M., 1980. Provviste alimentari vegetali da una casa minoica ad Haghia Triada (Creta). Annuario della scuola archeologica di Atene e delle missioni italiane in oriente : LVII/LVIII, 1979/1980.,,,,,,,,,,,,,,,,,,,,,,,,,,,,,,,,,,,,,
29,Les restes archéobotaniques, in: Fouilles Exécutées à Malia. Le Bâtiment Dessenne et Les Abords Sud-Ouest Du Palais,2019,Livarda, A., Andonova, M.,,Livarda, A., Andonova, M., 2019. Les restes archéobotaniques, in: Fouilles Exécutées à Malia. Le Bâtiment Dessenne et Les Abords Sud-Ouest Du Palais Dans l’établissement Pré- et Protopalatial de Malia, Etudes Crétoises. Ecole Française d’Athènes, Athènes.,https://www.resefe.fr/fr/node/714,,,,,,,,,,,,,,,,,,,,,,,,,,,,
30,Storage and States on Prehistoric Crete: The Function of the Koulouras in the First Minoan Palace,1997,Strasser, T.F.,Strasser, T.F., 1997. Storage and States on Prehistoric Crete: The Function of the Koulouras in the First Minoan Palaces. Journal of Mediterranean Archaeology 10, 73–100. ,https://doi.org/10.1558/jmea.v10i1.73,,,,,,,,,,,,,,,,,,,,,,,,,,,,,,,,,,,,
31,Bio-archaeological Assemblages and Ground Stone Artefacts,2017,Isaakidou et al.,Isaakidou, V., Livarda, A., Tsoraki, C., Veropoulidou, R., 2017. 9. Bio-archaeological Assemblages and Ground Stone Artefacts : Methodological framework and preliminary results, in: Driessen, J. (Ed.), Excavations at Sissi II : Preliminary Report on the 2009-2010 Campaigns, AEGIS. Presses universitaires de Louvain, Louvain-la-Neuve, pp. 211–218.,,,,,,,,,,,,,,,,,,,,,,,,,,,
32,Mediterranean polyculture revisited,2021,Livarda, A.,Livarda, A., Orengo, H.A., Cañellas-Boltà, N., Riera-Mora, S., Picornell-Gelabert, L., Tzevelekidi, V., Veropoulidou, R., Marlasca Martín, R., Krahtopoulou, A., 2021. Mediterranean polyculture revisited: Olive, grape and subsistence strategies at Palaikastro, East Crete, between the Late Neolithic and Late Bronze Age. Journal of Anthropological Archaeology 61, 101271. ,https://doi.org/10.1016/j.jaa.2021.101271,,,,,,,,,,,,,,,,,
33,Reconstructing human-environment interactions in the western Messara Plain (Phaistos, Crete, Greece),2019,Ghilardi et al.,Ghilardi, M., Revelles, J., Glais, A., Theodorakopoulou, K., Theodoropoulou, T., Lespez, L., Longo, F., Rossi, A., Bellier, O., Benedetti, L., Fleury, J., 2019. Reconstructing human-environment interactions in the western Messara Plain (Phaistos, Crete, Greece) from the emergence of city states to Byzantine times. Journal of Archaeological Science: Reports 26, 101909. ,https://doi.org/10.1016/j.jasrep.2019.101909,,,,,,,,,,,,,
34,First evidence of a lake at Ancient Phaistos,2018,Ghilardi et al.,Ghilardi, M., Psomiadis, D., Andrieu-Ponel, V., Colleu, M., Sotiropoulos, P., Longo, F., Rossi, A., Amato, V., Gasse, F., Sinibaldi, L., Renard, M., Bicket, A., Delanghe, D., Demory, F., Fleury, J., 2018. First evidence of a lake at Ancient Phaistos (Messara Plain, South-Central Crete, Greece): Reconstructing paleoenvironments and differentiating the roles of human land-use and paleoclimate from Minoan to Roman times. The Holocene 28, 1225–1244. ,https://doi.org/10.1177/0959683618771473,,,,,,,
35,Phaistos and the Western Messara in the Roman Age: the Agrarian Land-Use,2020,Rossi, A.,Rossi, A., 2020. Phaistos and the Western Messara in the Roman Age: the Agrarian Land-Use. ASAtene 99, 552–564.,,,,,,,,,,,,,,,,,,,,,,,,,,,,,,,,,,,,,
36,Phaistos Project (Survey Campaigns 2007-2011),2018,Bredaki, M., Longo, F.,Bredaki, M., Longo, F., 2018. Phaistos Project (Survey Campaigns 2007-2011): Five Years of Studies and Surface Investigations. Πεπραγμένα του ΙΑ΄ Διεθνούς Κρητολογικού Συνεδρίου Α2.1 (Ρέθυμνο, 21-27 Οκτωβρίου 2011), pp. 23-43.,,,,,,,,,,,,,,,,,,,,,,,,,,,,,,,,
37,Phaistos Project. The Greek Polis in the Light of Recent Topographic Studies,2015,Longo F.,Longo, F., 2015. Phaistos Project. The Greek Polis in the Light of Recent Topographic Studies, in: Archaological Work in Crete,. P. Karanastasi, A. Tzigounaki, Ch. Tsigonaki, pp. 465–481.,,,,,,,,,,,,,,,,,,,,,,,,,,,,,,,,,,
38,La naissance de la polis de Phaistos : Du site mycénien à la cité dorienne,2017,Lefèvre-Novaro, D.,Lefèvre-Novaro, D., 2017. La naissance de la polis de Phaistos : Du site mycénien à la cité dorienne, in: Gaignerot-Driessen, F., Driessen, J. (Eds.), Cretan Cities: Formation and Transformation, AEGIS. Presses universitaires de Louvain, Louvain-la-Neuve, pp. 43–58.,,,,,,,,,,,,,,,,,,,,,,,,,,,,,,
39,Geoarchaeological and palaeoenvironmental researches in the area of ancient phaistos,2014,Amato V. et al.,Amato, V., Longo, F., Bredaki, M., Rossi, A., Ghilardi, M., Psomiadis, D., Colleu, M., Sinibaldi, L., Delanghe, D., Demory, F., Petit, C., 2014. Geoarchaeological and palaeoenvironmental researches in the area of ancient phaistos (crete, greece): Preliminary results. Aegaeum 129–140.,,,,,,,,,,,,,,,,,,
40,Christos Effendi. Archaeological Studies on the High Acropolis of Phaestos: from Minoan to Post-palatial Age,2015,Greco A. et al.,Greco, A., Betto, A., 2015. Christos Effendi. Archaeological Studies on the High Acropolis of Phaestos: from Minoan to Post-palatial Age. Αρχαιολογικό Έργο Κρήτης 3: Πρακτικά της 3ης Συνάντησης A2 (Ρέθυμνο, 5-8 Δεκεμβρίου 2013), Ρέθυμνο 2015, pp. 483-494.,,,,,,,,,,,,,,,,,,,,,,,,,,,,,,,,,,
41,Étude paléo-environnementale autour du site de Phaistos (plaine de la Messara, Crète, Grèce): mise en évidence d’une phase de sédimentation lacustre pendant l’époque minoenne,2015,Ghilardi et al.,Ghilardi, M., M., C., Psomiadis, D., F., G., L., S., Delanghe, D., Fleury, J., Andrieu-Ponel, V., M., R., Lespez, L., F., L., Rossi, A., Amato, V., 2015. Étude paléo-environnementale autour du site de Phaistos (plaine de la Messara, Crète, Grèce): mise en évidence d’une phase de sédimentation lacustre pendant l’époque minoenne., in: Géosciences, Archéologie et Histoire En Crète de l’Age Du Bronze Récent à l’époque ArchaÎque, Actes Du Colloque International Pluridisciplinaire de Strasbourg 16-18 Octobre 2013. Bottega d’Erasmo, Padoue, pp. 125–140.,,,,,,
42,The Messara,2020,Lefèvre-Novaro, D.,Lefèvre-Novaro, D., 2020. The Messara, in: A Companion to the Archaeology of Early Greece and the Mediterranean, Volume 2. John Wiley & Sons, Ltd, Hoboken, pp. 1055–1065.,,,,,,,,,,,,,,,,,,,,,,,,,,,,,,,,,
43,La propriété foncière privée et la main-d’œuvre servile en Crète aux époques hellénistique et romaine,2010,Paluchowski A.,Paluchowski, A., 2010. La propriété foncière privée et la main-d’œuvre servile en Crète aux époques hellénistique et romaine. Palamedes 5, 37-70.,,,,,,,,,,,,,,,,,,,,,,,,,,,,,,,,,,,,,,
44,Le travail agricole en Grèce ancienne,2015,Jameson M.H.,Jameson, M.H., 2015. Chapitre VIII. Le travail agricole en Grèce ancienne, in: Oulhen, J., Prost, F., Pierre, B. (Eds.), Économie et Société En Grèce Antique : 478-88 Av. J.-C., Histoire. Presses universitaires de Rennes, Rennes, pp. 219–244.,,,,,,,,,,,,,,,,,,,,,,,,,,,,,
45,Remote sensing and geophysical researches applied in Phaistos Survey Project,2020,Rossi, A.,Rossi, A., 2020. Remote sensing and geophysical researches applied in Phaistos Survey Project. Αρχαιολογικό Έργο Κρήτης 4: Πρακτικά της 4ης Συνάντησης Β’ (Ρέθυμνο, 24-27 Νοεμβρίου 2016), Ρέθυμνο 2020, pp. 343-355.,,,,,,,,,,,,,,,,,,,,,,,,,,,,,,,,,,,
46,Faunal remains from italian excavations on Crete,1996,Wilkens B.,Wilkens, B., 1996. Faunal remains from italian excavations on Crete. Monographs in World Archaeology 28, 241–261.,,,,,,,,,,,,,,,,,,,,,,,,,,,,,,,,,,,,,,
47,La Messara minoenne entre Orient et Occident,2007,Cucuzza N.,Cucuzza, N., 2007. La Messara minoenne entre Orient et Occident, in: Routes Du Monde et Passages Obligés de La Protohistoire Au Haut Moyen Age. Centre de recherche du Finistère, Ouessant, pp. 85–99.,,,,,,,,,,,,,,,,,,,,,,,,,,,,,,,,,,,,
48,Environment, Land Capability, and Botanical Studies in the Western Mesara,2004,Shay et al.,Shay, J.M., Shay, C.T., Watrous, L.V., Hadzi-Vallianou, D., Blitzer, H., Bennet, J., Pope, K.O., Tsougarakis, D., Angelomatis-Tsougarakis, H., 2004. Environment, Land Capability, and Botanical Studies in the Western Mesara, in: The Plain of Phaistos, Cycles of Social Complexity in the Mesara Region of Crete. Cotsen Institute of Archaeology Press at UCLA, pp. 59–110. ,https://doi.org/10.2307/j.ctvhhhfs7.13,,,,,,,,,,,,,,,
49,The Field Survey,2004,Watrous et al.,Watrous, L.V., Hadzi-Vallianou, D., Bennet, J., Blitzer, H., Pope, K.O., Shay, J.M., Shay, C.T., Tsougarakis, D., Angelomatis-Tsougarakis, H., 2004. The Field Survey, in: The Plain of Phaistos, Cycles of Social Complexity in the Mesara Region of Crete. Cotsen Institute of Archaeology Press at UCLA, pp. 3–18. ,https://doi.org/10.2307/j.ctvhhhfs7.9,,,,,,,,,,,,,,,,,,,
50,Study and Interpretation,2004,Watrous et al.,Watrous, L.V., Hadzi-Vallianou, D., Blitzer, H., Bennet, J., Pope, K.O., Shay, J.M., Shay, C.T., Tsougarakis, D., Angelomatis-Tsougarakis, H., 2004. Study and Interpretation, in: The Plain of Phaistos, Cycles of Social Complexity in the Mesara Region of Crete. Cotsen Institute of Archaeology Press at UCLA, pp. 19–26. ,https://doi.org/10.2307/j.ctvhhhfs7.10,,,,,,,,,,,,,,,,,,,
51,Geoarchaeology of the Western Mesara,2004,Pope et al.,Pope, K.O., Watrous, L.V., Hadzi-Vallianou, D., Blitzer, H., Bennet, J., Shay, J.M., Shay, C.T., Tsougarakis, D., Angelomatis-Tsougarakis, H., 2004. Geoarchaeology of the Western Mesara, in: The Plain of Phaistos, Cycles of Social Complexity in the Mesara Region of Crete. Cotsen Institute of Archaeology Press at UCLA, pp. 39–58. ,https://doi.org/10.2307/j.ctvhhhfs7.12,,,,,,,,,,,,,,,,,,,
52,Agriculture and Subsistence in the Late Ottoman and Post-Ottoman Mesara,2004,Blitzer et al. ,Blitzer, H., Watrous, L.V., Hadzi-Vallianou, D., Bennet, J., Pope, K.O., Shay, J.M., Shay, C.T., Tsougarakis, D., Angelomatis-Tsougarakis, H., 2004. Agriculture and Subsistence in the Late Ottoman and Post-Ottoman Mesara, in: The Plain of Phaistos, Cycles of Social Complexity in the Mesara Region of Crete. Cotsen Institute of Archaeology Press at UCLA, pp. 111–218. ,https://doi.org/10.2307/j.ctvhhhfs7.14,,,,,,,,,,,,,,,,,,,
53, Initial Growth in Social Complexity (Late Neolithic–Early Minoan I),2004,Watrous et al.,Watrous, L.V., Hadzi-Vallianou, D., Blitzer, H., Bennet, J., Pope, K.O., Shay, J.M., Shay, C.T., Tsougarakis, D., Angelomatis-Tsougarakis, H., 2004. Initial Growth in Social Complexity (Late Neolithic–Early Minoan I), in: The Plain of Phaistos, Cycles of Social Complexity in the Mesara Region of Crete. Cotsen Institute of Archaeology Press at UCLA, pp. 221–232. ,https://doi.org/10.2307/j.ctvhhhfs7.15,,,,,,,,,,,,,,,,,,,
54,Emergence of a Ranked Society (Early Minoan II–III),2004,Watrous et al.,Watrous, L.V., Hadzi-Vallianou, D., Blitzer, H., Bennet, J., Pope, K.O., Shay, J.M., Shay, C.T., Tsougarakis, D., Angelomatis-Tsougarakis, H., 2004. Emergence of a Ranked Society (Early Minoan II–III), in: The Plain of Phaistos, Cycles of Social Complexity in the Mesara Region of Crete. Cotsen Institute of Archaeology Press at UCLA, pp. 233–252. ,https://doi.org/10.2307/j.ctvhhhfs7.16,,,,,,,,,,,,,,,,,,,
55,State Formation (Middle Minoan IA),2004,Watrous et al.,Watrous, L.V., Hadzi-Vallianou, D., Blitzer, H., Bennet, J., Pope, K.O., Shay, J.M., Shay, C.T., Tsougarakis, D., Angelomatis-Tsougarakis, H., 2004. State Formation (Middle Minoan IA), in: The Plain of Phaistos, Cycles of Social Complexity in the Mesara Region of Crete. Cotsen Institute of Archaeology Press at UCLA, pp. 253–276. ,https://doi.org/10.2307/j.ctvhhhfs7.17,,,,,,,,,,,,,,,,,,,
56, Palatial Rule and Collapse (Middle Minoan IB–Late Minoan IIIB),2004,Watrous et al.,Watrous, L.V., Hadzi-Vallianou, D., Blitzer, H., Bennet, J., Pope, K.O., Shay, J.M., Shay, C.T., Tsougarakis, D., Angelomatis-Tsougarakis, H., 2004. Palatial Rule and Collapse (Middle Minoan IB–Late Minoan IIIB), in: The Plain of Phaistos, Cycles of Social Complexity in the Mesara Region of Crete. Cotsen Institute of Archaeology Press at UCLA, pp. 277–304., https://doi.org/10.2307/j.ctvhhhfs7.18,,,,,,,,,,,,,,,,,,,
57,The Polis of Phaistos,2004,Watrous et al.,Watrous, L.V., Hadzi-Vallianou, D., Blitzer, H., Bennet, J., Pope, K.O., Shay, J.M., Shay, C.T., Tsougarakis, D., Angelomatis-Tsougarakis, H., 2004. The Polis of Phaistos, in: The Plain of Phaistos, Cycles of Social Complexity in the Mesara Region of Crete. Cotsen Institute of Archaeology Press at UCLA, pp. 307–338. ,https://doi.org/10.2307/j.ctvhhhfs7.19,,,,,,,,,,,,,,,,,,,
58, A Province under Byzantine, Venetian, and Ottoman Rule,2004,Tsougarakis et al.,Tsougarakis, D., Angelomatis-Tsougarakis, H., Watrous, L.V., Hadzi-Vallianou, D., Blitzer, H., Bennet, J., Pope, K.O., Shay, J.M., Shay, C.T., 2004. A Province under Byzantine, Venetian, and Ottoman Rule, AD 400–1898, in: The Plain of Phaistos, Cycles of Social Complexity in the Mesara Region of Crete. Cotsen Institute of Archaeology Press at UCLA, pp. 359–440. ,https://doi.org/10.2307/j.ctvhhhfs7.22,,,,,,,,,,,,,,
59,Conclusions : cycles of social complexity,2004,Watrous et al.,Watrous, L.V., Hadzi-Vallianou, D., Blitzer, H., Bennet, J., Pope, K.O., Shay, J.M., Shay, C.T., Tsougarakis, D., Angelomatis-Tsougarakis, H., 2004. Conclusions : cycles of social complexity, in: The Plain of Phaistos, Cycles of Social Complexity in the Mesara Region of Crete. Cotsen Institute of Archaeology Press at UCLA, pp. 443–450. ,https://doi.org/10.2307/j.ctvhhhfs7.23,,,,,,,,,,,,,,,,,,,
60,Agriculture and Rural Settlement in Ottoman Crete,2002,Brumfield, A.,Brumfield, A., 2002. Agriculture and Rural Settlement in Ottoman Crete, 1669–1898, in: Baram, U., Carroll, L. (Eds.), A Historical Archaeology of the Ottoman Empire: Breaking New Ground, Contributions To Global Historical Archaeology. Springer US, Boston, MA, pp. 37–78. ,https://doi.org/10.1007/0-306-47182-5_2,,,,,,,,,,,,,,,,,,,,,,,,,,,
61,Appendice sur l’état de l’agriculture et les productions de l’île de Crète,1881,Hitier M.,Hitier, M., 1881. Appendice sur l’état de l’agriculture et les productions de l’île de Crète, in: Les Îles de La Grèce. Paris, pp. 589-.,,,,,,,,,,,,,,,,,,,,,,,,,,,,,,,,,,,,,
62,The Palaeoethnobotanical Approach. The Mediterranean Triad, or Is It a Quartet?,1992,Sarpaki, A.,Sarpaki, A., 1992. The Palaeoethnobotanical Approach. The Mediterranean Triad, or Is It a Quartet?, in: Agriculture in Ancient Greece. Swedish School at Athens, Stockholm, pp. 61–76.,,,,,,,,,,,,,,,,,,,,,,,,,,,,,,,,,
63,A palaeoethnobotanical study of the West House, Akrotiri, Thera,1992,Sarpaki, A.,Sarpaki, A., 1992. A palaeoethnobotanical study of the West House, Akrotiri, Thera. Annual of the British School at Athens 87, 219–230. ,https://doi.org/10.1017/S0068245400015136,,,,,,,,,,,,,,,,,,,,,,,,,,,,,,,,
64,Festos Neolithic Bone,2023,Reese, D.,Reese, D., 2023. Festos Neolithic Bone.,,,,,,,,,,,,,,,,,,,,,,,,,,,,,,,,,,,,,,
65,The Charcoal and Seeds from Iron Age Kommos,2000,Shay, C.T., Shay, J.M,Shay, C.T., Shay, J.M., 2000. The Charcoal and Seeds from Iron Age Kommos, in: Kommos: An Excavation on the South Coast of Crete, Volume IV, Part 1: Text. Princeton University Press, pp. 647–668.,,,,,,,,,,,,,,,,,,,,,,,,,,,,,,
66,The Modern Flora and Plant Remains from Bronze Age Deposits at Kommos,1995,Shay et al.,Shay, C.T., Shay, J.M., Frego, K.A., Zwiazek, J., 1995. The Modern Flora and Plant Remains from Bronze Age Deposits at Kommos, in: Kommos I : The Kommos Region and the Houses or the Minoan Town. Part 1 : The Kommos Region, Ecology and Minoan Industries. Princeton, pp. 91–162.,,,,,,,,,,,,,,,,,,,,,,,,,,,,,,
67,Palaeobotany: Cultivation and Agricultural Practices,2022,Margaritis E.,Margaritis, E., Soles, J.S., Carter, T., Cutler, J., Doudalis, G., Faulmann, D., Flood, J.M., Giumlia-Mair, A.R., Hussein, A.M., Kaiser, L., Krzyszkowska, O., Morrison, J., Mylona, D., Ntinou, M., Papayianni, K., Stos-Gale, Z., Westlake, P., 2022. Palaeobotany: Cultivation and Agricultural Practices, in: Soles, J.S., Davaras, C. (Eds.), Mochlos IVA: Period III. The House of the Metal Merchant and Other Buildings in the Neopalatial Town. INSTAP Academic Press, pp. 473–486.,https://doi.org/10.2307/j.ctv2s5b4b9.18
68,Mochlos IC :  Period III. Neopalatial Settlement on the Coast: The Artisans’ Quarter and the Farmhouse at Chalinomouri. The Small Finds,2004,Soles et al.,Soles, J.S., Davaras, C., Bending, J., Carter, T., Kondopoulou, D., Mylona, D., Ntinou, M., Nicgorski, A.M., Reese, D.S., Sarpaki, A., Schoch, W.H., Soles, M.E., Spatharas, V., Stos-Gale, Z.A., Tarling, D.H., Witmore, C., 2004. Mochlos IC :  Period III. Neopalatial Settlement on the Coast: The Artisans’ Quarter and the Farmhouse at Chalinomouri. The Small Finds. INSTAP Academic Press. ,https://doi.org/10.2307/j.ctt3fgw29,,,,,,,,
69,Plant Remains from Block AF,2009,Jones et al.,Jones, G., Smith, I., Betancourt, P.P., Armpis, E., Dierckx, H.M.C., Floyd, C.R., McEnroe, J.C., Mitrakis, G., Myer, G.H., Nikolaidou, M., Reese, D.S., Rose, M.J., Shaw, M.C., Velona, E., Zervaki, F., 2009. Plant Remains from Block AF, in: Betancourt, P.P., Davaras, C. (Eds.), Pseira X, The Excavation of Block AF. INSTAP Academic Press, pp. 125–126. ,https://doi.org/10.2307/j.ctt3fgw3s.22,,,
70,Life and Death of a Bronze Age House: Excavation of Early Minoan I Levels at Priniatikos Pyrgos,2014,Molloy et al.,Molloy, B., Day, J., Bridgford, S., Isaakidou, V., Nodarou, E., Kotzamani, G., Milic, M., Carter, T., Westlake, P., Klontza-Jaklova, V., Larsson, E., Hayden, B., 2014. Life and Death of a Bronze Age House: Excavation of Early Minoan I Levels at Priniatikos Pyrgos. American Journal of Archaeology 118, 307–358. ,https://doi.org/10.3764/aja.118.2.0307,,,,,,,,,,,,,,,
71,From scatters of pottery to communities? Issues of function, temporality and mobility in the construction of the settled landscape of the Prepalatial Mesara (south-central Crete): a view from Phaistos,2019,Todaro S.,Todaro, S., 2019. From scatters of pottery to communities? Issues of function, temporality and mobility in the construction of the settled landscape of the Prepalatial Mesara (south-central Crete): a view from Phaistos 8, 3–21.,https://www.researchgate.net/publication/358922171_From_scatters_of_pottery_to_communities_Issues_of_function_temporality_and_mobility_in_the_construction_of_the_settled_landscape_of_the_Prepalatial_Mesara_south-central_Crete_a_view_from_Phaistos/citation/download,,,,,,,,,,,,,,,,,,,,,,,,,,,,,,,,,,,
72,Examining the Ritual Landscape of Bronze Age Crete through the Lens of Archaeobotany.,2022,Henkel C. et al.,Henkel, C., Margaritis, E., 2022. Examining the Ritual Landscape of Bronze Age Crete through the Lens of Archaeobotany. Religions 13, 81. ,https://doi.org/10.3390/rel13010081,,,,,,,,,,,,,,,,,,,,,,,,,,,,,,,,,,,
73,More than Simply “Foodstuff”: A Report of Plant Remains from Minoan Ritual Contexts,2022,Henkel C.,Henkel, C., 2022. More than Simply “Foodstuff”: A Report of Plant Remains from Minoan Ritual Contexts. KENTRO The Newsletter of the INSTAP Study Center for East Crete 25, 12–15.,https://instapstudycenter.net/2022/11/10/kentro-volume-25-fall-2022/,,,,,,,,,,,,,,,,,,,,,,,,,,,,,,,,,,,,,
74,Phaistos Project. The Linear Section on the Southeast Slope of the Christos Effendi Hill and the Evolution of Phaistos in the Protopalatial Period: a Contextual Reassessment,2020,Todaro S. et al.,Todaro, S., Project, P., Betto, A., 2020. Phaistos Project. The Linear Section on the Southeast Slope of the Christos Effendi Hill and the Evolution of Phaistos in the Protopalatial Period: a Contextual Reassessment. Αρχαιολογικό Έργο Κρήτης 4: Πρακτικά της 4ης Συνάντησης Β’ (Ρέθυμνο, 24-27 Νοεμβρίου 2016), Ρέθυμνο.,https://www.academia.edu/73341364/Phaistos_Project_The_Linear_Section_on_the_Southeast_Slope_of_the_Christos_Effendi_Hill_and_the_Evolution_of_Phaistos_in_the_Protopalatial_Period_a_Contextual_Reassessment,,,,,,,,,,,,,,,,,,,,,,,,,,,,,,,,
75,The archaeobotanical evidence of the late Bronze Age and protogeometric occupation under the Roman Villa Dionysus, Knossos,2012,Livarda, A.,Livarda, A., 2012. The archaeobotanical evidence of the late Bronze Age and protogeometric occupation under the Roman Villa Dionysus, Knossos, Crete, and an overview of the protogeometric data of Greece. The Annual of the British School at Athens 107. ,https://doi.org/10.1017/S0068245412000068,,,,,,,,,,,,,,,,,,,,,,,,,,,,,,,,,
76,The Archaeobotanical Remains,2019,Sarpaki A. et al.,Sarpaki, A., MacGillivray, J., Sackett, L.H., Driessen, J., 2019. The Archaeobotanical Remains, in: Palaikastro, Crete: Building 1. pp. 349–369.,https://www.researchgate.net/publication/334207711_75_PK_BLDG_1_2019_Sarpaki_Chapter_7,,,,,,,,,,,,,,,,,,,,,,,,,,,,,,
77,The Economy of Neolithic Knossos,2013,Sarpaki A.,Sarpaki, A., 2013. The Economy of Neolithic Knossos: New Evidence for the Early Occupation of Crete and the Aegean Islands. pp. 63–94. ,https://doi.org/10.2307/j.ctt5vj96p.12,,,,,,,,,,,,,,,,,,,,,,,,,,,,,,,,,,,,,,
78,Archaeobotanical observations, in: Palaikastro Two Minoan Wells,2007,Sarpaki A.,Sarpaki, A., 2007. Archaeobotanical observations, in: Palaikastro Two Minoan Wells, Supp. Vol. The British School at Athens, London, pp. 211–216.,https://www.academia.edu/3711570/Archaeobotanical_observations_Palaikastro_Crete_2007,,,,,,,,,,,,,,,,,,,,,,,,,,,,,,,,,
79,Minoan Land-Use Patterns and Landscape Transformation in the Mountains of the Ierapetra Area: The Building at Gaidourophas,2019,Papadatos, Y., Chalikias, K.,,Papadatos, Y., Chalikias, K., 2019. Minoan Land-Use Patterns and Landscape Transformation in the Mountains of the Ierapetra Area::The Building at Gaidourophas. pp. 79–96. ,https://doi.org/10.2307/j.ctvk12st6.10,,,,,,,,,,,,,,,,,,,,,,,,,,,,,,,,
80,Carboni e carporesti dal palazzo di Monastiraki Indagini paleoambientali e paleoeconomiche,2006,Fiorentino, G., Solinas, F.,Fiorentino, G., Solinas, F., 2006. Carboni e carporesti dal palazzo di Monastiraki Indagini paleoambientali e paleoeconomiche.,https://www.academia.edu/4138774/Carboni_e_carporesti_dal_palazzo_di_Monastiraki_Indagini_paleoambientali_e_paleoeconomiche,,,,,,,,,,,,,,,,,,,,,,,,,,,,,,,,,
81,People and plant entanglements at the dawn of agricultural practice in Greece,2018,Kotzamani, G., Livarda, A.,Kotzamani, G., Livarda, A., 2018. People and plant entanglements at the dawn of agricultural practice in Greece. An analysis of the Mesolithic and early Neolithic archaeobotanical remains. Quaternary International 496, 80–101. ,https://doi.org/10.1016/j.quaint.2018.04.044,,,,,,,,,,,,,,,,,,,,,,,,,,,,,,,,
82,Knossos, Crete: Invaders, “sea goers”, or previously “invisible”,2009,Sarpaki A.,Sarpaki, A., 2009. Knossos, Crete: Invaders, “sea goers”, or previously “invisible”, the Neolithic plant economy appears fully-ß edged in 9,000 B.P., in: From Foragers to Farmers. Oxford, pp. 220–234.,https://www.academia.edu/3641593/Knossos_Crete_invaders_sea_goers_or_previously_invisible_the_Neolithic_plant_economy_appears_fully_fledged_in_9_000_BP_2009,,,,,,,,,,,,,,,,,,,,,,,,,,,,
83,The Economy of Neolithic Knossos,2013,Sarpaki A.,Sarpaki, A., 2013. The Economy of Neolithic Knossos: New Evidence for the Early Occupation of Crete and the Aegean Islands. pp. 63–94. ,https://doi.org/10.2307/j.ctt5vj96p.12,,,,,,,,,,,,,,,,,,,,,,,,,,,,,,,,,,,,,,
84,Minoan Crete : an Introduction,2021,Watrous, L.V.,"Watrous, L.V., 2021. Minoan Crete: an introduction. Cambridge University Press, Cambridge, United Kingdom ; New York, NY.",,,,,,,,,,,,,,,,,,,,,,,,,,,,,,,,,,,,,,,,
85,The Plant Remains (Myrtos),1972,Renfrew, J.M.,Renfrew, J.M., 1972. The Plant Remains, in: Myrtos: An Early Bronze Age Settlement in Crete. supp. vol. 7, London, pp. 315–7.,,,,,,,,,,,,,,,,,,,,,,,,,,,,,,,,,,,
86,Living off the fruits of the sea: new evidence for dining at Papadiokampos,2013,Brogan T.M. et al.,Brogan, T.M., Sofianou, C., Morrison, J.E., Mylona, D., Margaritis, E., 2013. Living off the fruits of the sea: new evidence for dining at Papadiokampos, Crete, in: Diet, Economy and Society in the Ancient Greek World. Towards a Better Integration of Archaeology and Science, Pharos Supplement 1. Peeters, Leuven, pp. 123–132.,,,,,,,,,,,,,,,,,,,,,,,,,
87,Archaeobotanical Remains (Alatzomouri),2017,Margaritis E. et al.,Margaritis, E., Cutler, J.E., Dierckx, H.M.C., Ferrence, S.C., McCoy, F.W., Mylona, D., Nodarou, E., 2017. Archaeobotanical Remains, in: Apostolakou, V., Brogan, T.M., Betancourt, P.P. (Eds.), The Alatzomouri Rock Shelter, An Early Minoan III Deposit in Eastern Crete. INSTAP Academic Press, pp. 89–90. https://doi.org/10.2307/j.ctt1wrpwnk.15,,,,,,,,,,,,,,,,,,
88,The Paleoethnobotany of Vronda,2016,Flint-Hamilton, K.,Flint-Hamilton, K., Day, L.P., Dierckx, H.M.C., Gesell, G.C., Glowacki, K.T., Klein, N.L., Reese, D.S., Snyder, L.M., Hodgins, G., 2016. The Paleoethnobotany of Vronda, in: Day, L.P., Gesell, G.C. (Eds.), Kavousi IIC: The Late Minoan IIIC Settlement at Vronda, Specialist Reports and Analyses. INSTAP Academic Press, pp. 181–194. https://doi.org/10.2307/j.ctt1kk66f2.16,,,,,,,,,,,,,,,
89,Arboriculture at Aphrodite’s Kephali,2013,Margaritis E.,Margaritis, E., 2013. Arboriculture at Aphrodite’s Kephali, in: Aphrodite’s Kephali : An Early Minoan I Defensive Site in Eastern Crete, Prehistory Monographs. INSTAP Academic Press.,,,,,,,,,,,,,,,,,,,,,,,,,,,,,,,,,,,,,
90,Olives and vines,2011,Renfrew, J.M.,Renfrew, J.M., 2011. Olives and vines, in: Knossos Excavations 1957-61 : Early Minoan. British School at Athens, pp. 67–69.,,,,,,,,,,,,,,,,,,,,,,,,,,,,,,,,,,,,
91,Travi carbonizzate del Palazzo Minoico di Festos,1986,Follieri, M., Coccolini, G.B.L.,Follieri, M., Coccolini, G.B.L., 1986. Travi carbonizzate del Palazzo Minoico di Festos (Creta). Annuario della scuola archeologica di Atene e delle missioni italiane in oriente : LVII/LVIII, 1979/1980 173–185.,,,,,,,,,,,,,,,,,,,,,,,,,,,,,,,,,
92,Bio-archaeological Assemblages and Ground Stone Artefacts ,2017,Isaakidou, V. et al.,Isaakidou, V., Livarda, A., Tsoraki, C., Veropoulidou, R., 2017. 9. Bio-archaeological Assemblages and Ground Stone Artefacts : Methodological framework and preliminary results, in: Driessen, J. (Ed.), Excavations at Sissi II : Preliminary Report on the 2009-2010 Campaigns, AEGIS. Presses universitaires de Louvain, Louvain-la-Neuve, pp. 211–218.,,,,,,,,,,,,,,,,,,,,,,,,,,
93,Subsistenz und Macht.,2017,Keßler, T.,Kessler, T., 2017. Subsistenz und Macht. Palatiale und elitäre Vorratschaltung auf Kreta während der Alt- und Neupalastzeit, Athenaia 9. ed. Gebr. Mann Verlag.,,,,,,,,,,,,,,,,,,,,,,,,,,,,,,,,,,,,,
94,Shell and Botanical Remains,2018,Eaby M. et al.,Eaby, M., Dibble, W.F., Dierckx, H.M.C., Fitzsimons, R.D., Hall, K., 2018. Shell and Botanical Remains, in: Tsipopoulou, M. (Ed.), Chalasmenos I, The Late Minoan IIIC Settlement. House A.2. INSTAP Academic Press, pp. 93–96. https://doi.org/10.2307/j.ctv9zcgxt.15,,,,,,,,,,,,,,,,,,,,,,,,,,
95,Soil Science and Archaeology: Three Test Cases from Minoan Crete,2002,Morris M.,Morris, M., 2002. Soil Science and Archaeology: Three Test Cases from Minoan Crete, PA: The Institute for Aegean Prehistory Academic Press. ed. INSTAP Academic Press, Philadelphia.,,,,,,,,,,,,,,,,,,,,,,,,,,,,,,,,,,,,,
96,The plant remains of the house tombs at Petras,2017,Margaritis E.,"Margaritis, E., 2017. The plant remains of the house tombs at Petras: Acts of destruction, transformation and preservation, in: Petras, Siteia : The Pre- and Proto-Palatial Cemetery in Context : Acts of Two-Day Conference Held at the Danish Institute at Athens, 14 - 15 February 2015. Aarhus University Press ; The Danish Institute at Athens, Aarhus ; Athens, pp. 225–235.",,,,,,,,,,,,,,,,,,,,,,,,,,,,,,,,,,,,,,,,,
97,Exkursionsflora für Kreta,1995,Jahn, Schönfelder, ,Jahn, Schönfelder, P., Mayer, A., Scheuerer, M., 1995. Exkursionsflora für Kreta. Ulmer (Eugen).,,,,,,,,,,,,,,,,,,,,,,,,,,,,,,,,
98,Flowers of Greece and the Balkans,1987,Polunin, O.,Polunin, O., 1987. Flowers of Greece and the Balkans: A Field Guide. OUP Oxford.,,,,,,,,,,,,,,,,,,,,,,,,,,,,,,,,,,,,,,
99,Flora of the Cretan Area,1993,Turland N.J., et al.,Turland, N.J., Chilton, L., Press, J.R., 1993. Flora of the Cretan Area. HMSO, London.,,,,,,,,,,,,,,,,,,,,,,,,,,,,,,,,,
100,Comptes rendus du voyage d’études de la Société botanique de France en Crète,1998,Deschatres, R. et al.,Deschatres, R., Zaffran, J., Guittonneau, G.-G., 1998. Comptes rendus du voyage d’études de la Société botanique de France en Crète (18-25 mai 1998). Le Journal de Botanique 25–42.,,,,,,,,,,,,,,,,,,,,,,,,,,,,,,,,,,
101,,,,,,,,,,,,,,,,,,,,,,,,,,,,,,,,,,,,,,,,,,,,,
,,,,,,,,,,,,,,,,,,,,,,,,,,,,,,,,,,,,,,,,,,,,,
,,,,,,,,,,,,,,,,,,,,,,,,,,,,,,,,,,,,,,,,,,,,,
,,,,,,,,,,,,,,,,,,,,,,,,,,,,,,,,,,,,,,,,,,,,,
,,,,,,,,,,,,,,,,,,,,,,,,,,,,,,,,,,,,,,,,,,,,,
,,,,,,,,,,,,,,,,,,,,,,,,,,,,,,,,,,,,,,,,,,,,,
,,,,,,,,,,,,,,,,,,,,,,,,,,,,,,,,,,,,,,,,,,,,,
,,,,,,,,,,,,,,,,,,,,,,,,,,,,,,,,,,,,,,,,,,,,,
,,,,,,,,,,,,,,,,,,,,,,,,,,,,,,,,,,,,,,,,,,,,,
,,,,,,,,,,,,,,,,,,,,,,,,,,,,,,,,,,,,,,,,,,,,,
,,,,,,,,,,,,,,,,,,,,,,,,,,,,,,,,,,,,,,,,,,,,,
,,,,,,,,,,,,,,,,,,,,,,,,,,,,,,,,,,,,,,,,,,,,,
,,,,Jones, G., 1984. The LM II Plant Remains, in: The Minoan Unexplored Mansion at Knossos. pp. 303–306.,,,,,,,,,,,,,,,,,,,,,,,,,,,,,,,,,,,,,,
,,,,Voir biblio Mediterranean polyculture revisited,,,,,,,,,,,,,,,,,,,,,,,,,,,,,,,,,,,,,,,,,
,,,,Bottema, S., Sarpaki, A., 2003. Environmental change in Crete: a 9000-year record of Holocene vegetation history and the effect of the Santorini eruption. The Holocene 13, 733–749. https://doi.org/10.1191/0959683603hl659rp,,,,,,,,,,,,,,,,,,,,,,,,,,,,,,,,,,,,
,,,,Moody, J., 1997. The Cretan environment: abused or just misunderstood ?, in: Aegean Strategies: Studies of Culture and Environment on the European Fringe. Rowan and Littlefield, pp. 61–79.,,,,,,,,,,,,,,,,,,,,,,,,,,,,,,,,,,,,,
,,,,Moody, J., 2012. Hinterlands and hinterseas: resources and production zones in Bronze Age and Iron Age Crete. British School at Athens Studies 20, 233–271.,,,,,,,,,,,,,,,,,,,,,,,,,,,,,,,,,,,,,,
,,,,Rackham, O., Moody, J.P., 1996. The making of the Cretan landscape. Manchester University Press, p. 237.,,,,,,,,,,,,,,,,,,,,,,,,,,,,,,,,,,,,
,,,,Adlung, S., 2020. Die Minoischen Villen Kretas. Hamburg University Press.,,,,,,,,,,,,,,,,,,,,,,,,,,,,,,,,,,,,,,,
,,,,Atherden, M.A., Hall, J.A., 1999. Human impact on vegetation in the White Mountains of Crete since AD 500. The Holocene 9, 183–193. https://doi.org/10.1191/095968399673523574,,,,,,,,,,,,,,,,,,,,,,,,,,,,,,,,,,,,
,,,,Lentjes, D., n.d. Studying subsistence and surplus production.,,,,,,,,,,,,,,,,,,,,,,,,,,,,,,,,,,,,,,,
,,,,Sigaut, F., 1988. A method for identifying grain storage techniques and its application for European agricultural history, in: Tools and Tillage. National Museum of Denmark, Cophenhage, pp. 3–32.,,,,,,,,,,,,,,,,,,,,,,,,,,,,,,,,,,,,
,,,,Triantafyllidou-Baladié, Y., 1990. The Cretan Rural Landscape and its Change in Late-Medieval and Modern Times, in: Stability and Change in the Cretan Landscape. O. Rackham, A.T. Grove et J.A. Moody.,,,,,,,,,,,,,,,,,,,,,,,,,,,,,,,,,,,,,
,,,,Rackham, O., 1990. Vegetation History of Crete, in: Stability and Change in the Cretan Landscape. University of Cambridge, Cambridge, pp. 29–39.,,,,,,,,,,,,,,,,,,,,,,,,,,,,,,,,,,,,
,,,,Shay, C., Beattie, A., 1994. Rural Population Change in Crete. Journal of Interdisciplinary History 24, 99. https://doi.org/10.2307/205103,,,,,,,,,,,,,,,,,,,,,,,,,,,,,,,,,,,,
,,,,Price, S., Rackham, O., Kiel, M., Nixon, L., 2008. Sphakia in Ottoman Census Record: A Vakif and its Agricultural Production, with Simon Price, Oliver Rackham, Machiel Kiel, in: The Eastern Mediterranean under Ottoman Rule : Crete 1645-1840, Foundation for Research and Technology - Hellas - Institute for Mediterranean Studies. Crete University Press, Rethymno.,,,,,,,,,,,,,,,,,,,,,,,,,,,
,,,,Driessen, J., 2010. Spirit of place.,Minoan Houses as Major Actors, in: Political Economies of the Aegean Bronze Age. Oxbow Books, Oxford, pp. 35–65.,,,,,,,,,,,,,,,,,,,,,,,,,,,,,,,,,,,
,,,,Gasparis, C., 2016. Between village and city. Peasants in the new economic context of medieval Crete (XIII-XIV c.), in: Hinter Den Mauern Und Auf Dem Offenen Land - Leben Im Byzantinischen Reich, Byzanz Zwischen Orient Und Okzident 3. Verlag des Römisch-Germanischen Zentralmuseums, Mainz, pp. 207–218.,,,,,,,,,,,,,,,,,,,,,,,,,,,,,,,,,,,
,,,,Voir biblo Rossi 2020,,,,,,,,,,,,,,,,,,,,,,,,,,,,,,,,,,,,,,,,,
,,,,Dimopoulos, P., Tsiripidis, I., Bergmeier, E., Fotiadis, G., Theodoropoulos, K., Raus, T., Panitsa, M., Kallimanis, A.S., Sýkora, K.V. & Mucina, L. 2012. Towards the Hellenic National Vegetation Database: VegHellas. Plant Sociology 492, 81–7,,,,,,,,,,,,,,,,,,,,,,
,,,,Castrofilaca, P., 1583. Descrition delle anime del destreto di Sithia suo castello et Hierapetra, in: Libro de Information Delle Cose Publiche Del Regno de Candia et Isolle de Cerigho, Zante, Zeffallonia et Corfú, Fatto Con Ogni Diligenttia per Me Pietro Castrofilaca, Regionatto Del Sinicato Delli Clarissimi Signori Zuanne Gritti et Gullio Garzoni, et Alle Sue SS. Clarissime Appresentato, Acciò Che Possimo Haver Pronto Tutto Quello, Che Potesse Bisognare al  Serenissimo Dominio per Il Ghoverno Del Levante. Venice.,,,,,,,,,,,,,,,,,,,,,,,,,,,,,,,
,,,,Halstead, P., Bogaard, A., Jones, G., 2022. Staple grains in the later Bronze Age of the (southern) Aegean: archaeobotanical, textual and ethnographic insights, in: Cooking with Plants in Ancient Europe and beyond. Interdisciplinary Approaches to the Archaeology of Plant Foods. Sidestone Press Academics.,,,,,,,,,,,,,,,,,,,,,,,,,,,,,,,,,
,,,,Valamoti, S.M., 2022. Plant ingredients archived with ArboDat – evaluating regional food preferences and changes from crop remains, using the new archaeobotanical database for Greece, in: Cooking with Plants in Ancient Europe and beyond. Interdisciplinary Approaches to the Archaeology of Plant Foods.,,,,,,,,,,,,,,,,,,,,,,,,,,,,,,,,,,,,,
,,,,García-Granero, J.J., Skoula, M., Sarpaki, A., Cárdenas, M., Madella, M., Bogaard, A., 2020. A Long-Term Assessment of the Use of Phoenix theophrasti Greuter (Cretan Date Palm): the Ethnobotany and Archaeobotany of a Neglected Palm. etbi 40, 101–114. https://doi.org/10.2993/0278-0771-40.1.101,,,,,,,,,,,,,,,,,,,,,,,,,,,,
